"ts","device","co","humidity","light","lpg","motion","smoke","temp"
"1.5952034050398898E9","00:0f:00:70:91:0a","0.003744628049894034","75.4000015258789","false","0.006246796343637958","false","0.016436744446637726","19.200000762939453"
"1.595203406203541E9","b8:27:eb:bf:9d:51","0.005908756600591712","48.4","false","0.008688696469420013","false","0.02338209121298458","22.3"
"1.5952034098898063E9","b8:27:eb:bf:9d:51","0.005876608328921831","48.5","false","0.008654472952729825","false","0.023283726314534108","22.3"
"1.595203410755704E9","1c:bf:ce:15:ec:4d","0.004553213590720678","75.80000305175781","true","0.007195833789307909","false","0.019117344379861942","26.600000381469727"
"1.595203413162015E9","00:0f:00:70:91:0a","0.003744628049894034","75.30000305175781","false","0.006246796343637958","false","0.016436744446637726","19.200000762939453"
"1.5952034135765607E9","b8:27:eb:bf:9d:51","0.005882262315722271","48.5","false","0.008660495662857976","false","0.023301034809428908","22.2"
"1.5952034161679592E9","1c:bf:ce:15:ec:4d","0.004540461746095144","75.69999694824219","true","0.007181249490600034","false","0.019075958981004042","26.600000381469727"
"1.5952034169795215E9","00:0f:00:70:91:0a","0.003744628049894034","75.30000305175781","false","0.006246796343637958","false","0.016436744446637726","19.200000762939453"
"1.5952034172643125E9","b8:27:eb:bf:9d:51","0.005914481979631898","48.4","false","0.008694786025725213","false","0.02339959652800182","22.2"
